,mse,rmse,mae,r2,training_time,prediction_time
LSTM,0.0012883195894418586,0.03589316911951156,0.024419588668890685,0.9073422405500947,28.611509323120117,0.4499073028564453
GRU,0.0011802739604285964,0.03435511549141694,0.02225874678498147,0.9151130343692446,20.052632331848145,0.5208866596221924
Bidirectional_LSTM,0.0013000668630213626,0.03605643996599446,0.023677405207022786,0.9064973600884125,23.558384895324707,0.7723212242126465
