{
  "LSTM": {
    "MSE": 4756.283083310732,
    "MAE": 46.89738035021656,
    "R\u00b2": 0.9062494319455325
  },
  "GRU": {
    "MSE": 4373.722182566958,
    "MAE": 46.28676461306165,
    "R\u00b2": 0.9137900474076367
  },
  "Bidirectional_LSTM": {
    "MSE": 5052.028480586114,
    "MAE": 46.11138352151058,
    "R\u00b2": 0.9004200272384515
  }
}